-- MySQL dump 10.13  Distrib 5.7.9, for Win64 (x86_64)
--
-- Host: 127.0.0.1    Database: lowcostdb
-- ------------------------------------------------------
-- Server version	5.7.10-log

/*!40101 SET @OLD_CHARACTER_SET_CLIENT=@@CHARACTER_SET_CLIENT */;
/*!40101 SET @OLD_CHARACTER_SET_RESULTS=@@CHARACTER_SET_RESULTS */;
/*!40101 SET @OLD_COLLATION_CONNECTION=@@COLLATION_CONNECTION */;
/*!40101 SET NAMES utf8 */;
/*!40103 SET @OLD_TIME_ZONE=@@TIME_ZONE */;
/*!40103 SET TIME_ZONE='+00:00' */;
/*!40014 SET @OLD_UNIQUE_CHECKS=@@UNIQUE_CHECKS, UNIQUE_CHECKS=0 */;
/*!40014 SET @OLD_FOREIGN_KEY_CHECKS=@@FOREIGN_KEY_CHECKS, FOREIGN_KEY_CHECKS=0 */;
/*!40101 SET @OLD_SQL_MODE=@@SQL_MODE, SQL_MODE='NO_AUTO_VALUE_ON_ZERO' */;
/*!40111 SET @OLD_SQL_NOTES=@@SQL_NOTES, SQL_NOTES=0 */;

--
-- Table structure for table `cities`
--

DROP TABLE IF EXISTS `cities`;
/*!40101 SET @saved_cs_client     = @@character_set_client */;
/*!40101 SET character_set_client = utf8 */;
CREATE TABLE `cities` (
  `id` bigint(20) NOT NULL AUTO_INCREMENT,
  `name` varchar(45) DEFAULT NULL,
  PRIMARY KEY (`id`),
  UNIQUE KEY `id_UNIQUE` (`id`)
) ENGINE=InnoDB AUTO_INCREMENT=56 DEFAULT CHARSET=utf8;
/*!40101 SET character_set_client = @saved_cs_client */;

--
-- Dumping data for table `cities`
--

LOCK TABLES `cities` WRITE;
/*!40000 ALTER TABLE `cities` DISABLE KEYS */;
INSERT INTO `cities` VALUES (1,'Минск'),(2,'Москва'),(3,'Вильнюс'),(4,'Варшава'),(5,'Барселона'),(6,'Мадрид'),(7,'Рим'),(8,'Вена'),(9,'Венеция'),(10,'Париж'),(11,'Лондон'),(12,'Киев'),(13,'Берлин'),(14,'София'),(15,'Прага'),(16,'Краков'),(17,'Афины'),(18,'Франкфурт'),(19,'Осло'),(20,'Кёльн'),(21,'Торонто'),(23,'Самара'),(24,'Санкт-Петербург'),(44,'Сочи'),(45,'Флоренция'),(46,'Пекин'),(47,'Бургас'),(48,'Бухарест'),(49,'Астрахань'),(50,'Эдинбург'),(52,'Сеул'),(53,'Вроцлав'),(55,'Владивосток');
/*!40000 ALTER TABLE `cities` ENABLE KEYS */;
UNLOCK TABLES;

--
-- Table structure for table `creditcard`
--

DROP TABLE IF EXISTS `creditcard`;
/*!40101 SET @saved_cs_client     = @@character_set_client */;
/*!40101 SET character_set_client = utf8 */;
CREATE TABLE `creditcard` (
  `id` bigint(20) NOT NULL,
  `amount` double DEFAULT NULL,
  `type` varchar(45) DEFAULT NULL,
  PRIMARY KEY (`id`),
  UNIQUE KEY `id_UNIQUE` (`id`)
) ENGINE=InnoDB DEFAULT CHARSET=utf8;
/*!40101 SET character_set_client = @saved_cs_client */;

--
-- Dumping data for table `creditcard`
--

LOCK TABLES `creditcard` WRITE;
/*!40000 ALTER TABLE `creditcard` DISABLE KEYS */;
INSERT INTO `creditcard` VALUES (1234,1000,'Maestro'),(12345,4745,'Visa Electron'),(123456,1234,'Mastercard'),(134334354,49528,'Visa Electron'),(1231231231231231,4390,'Visa Electron'),(1234987645672398,1349.01,'Maestro');
/*!40000 ALTER TABLE `creditcard` ENABLE KEYS */;
UNLOCK TABLES;

--
-- Table structure for table `flight`
--

DROP TABLE IF EXISTS `flight`;
/*!40101 SET @saved_cs_client     = @@character_set_client */;
/*!40101 SET character_set_client = utf8 */;
CREATE TABLE `flight` (
  `id` bigint(20) NOT NULL AUTO_INCREMENT,
  `routeId` bigint(20) DEFAULT NULL,
  `businessCount` int(11) DEFAULT NULL,
  `economyCount` int(11) DEFAULT NULL,
  `DateOut` datetime(6) DEFAULT NULL,
  `DateIn` datetime(6) DEFAULT NULL,
  `economyPrice` double DEFAULT NULL,
  `businessPrice` double DEFAULT NULL,
  PRIMARY KEY (`id`),
  UNIQUE KEY `id_UNIQUE` (`id`),
  KEY `routeId_idx` (`routeId`),
  CONSTRAINT `routeId` FOREIGN KEY (`routeId`) REFERENCES `routes` (`id`) ON DELETE NO ACTION ON UPDATE NO ACTION
) ENGINE=InnoDB AUTO_INCREMENT=590 DEFAULT CHARSET=utf8;
/*!40101 SET character_set_client = @saved_cs_client */;

--
-- Dumping data for table `flight`
--

LOCK TABLES `flight` WRITE;
/*!40000 ALTER TABLE `flight` DISABLE KEYS */;
INSERT INTO `flight` VALUES (1,1,17,98,'2016-03-11 14:30:00.000000','2016-03-11 16:30:00.000000',120,200),(4,1,20,89,'2016-03-03 16:30:00.000000','2016-03-03 18:30:00.000000',34.99,60),(6,5,9,6,'2016-03-08 09:00:00.000000','2016-03-08 13:00:00.000000',5.99,30.99),(7,5,3,64,'2016-03-18 09:00:00.000000','2016-03-18 13:00:00.000000',10,50),(8,30,16,97,'2016-03-04 12:00:00.000000','2016-03-04 15:00:00.000000',23,30),(9,30,10,90,'2016-03-05 12:00:00.000000','2016-03-05 15:00:00.000000',55,90),(21,32,70,250,'2016-03-22 13:00:00.000000','2016-03-22 14:15:00.000000',20,45),(22,32,70,250,'2016-03-29 13:00:00.000000','2016-03-29 14:15:00.000000',20,45),(23,32,70,250,'2016-04-05 13:00:00.000000','2016-04-05 14:15:00.000000',20,45),(24,32,70,249,'2016-04-12 13:00:00.000000','2016-04-12 14:15:00.000000',20,45),(25,32,70,250,'2016-04-19 13:00:00.000000','2016-04-19 14:15:00.000000',20,45),(26,32,70,249,'2016-04-26 13:00:00.000000','2016-04-26 14:15:00.000000',20,45),(27,33,80,120,'2016-03-13 13:00:00.000000','2016-03-13 14:15:00.000000',55,70),(28,33,80,120,'2016-03-20 13:00:00.000000','2016-03-20 14:15:00.000000',55,70),(29,33,80,120,'2016-03-27 13:00:00.000000','2016-03-27 14:15:00.000000',55,70),(30,33,80,120,'2016-04-03 13:00:00.000000','2016-04-03 14:15:00.000000',55,70),(31,33,80,120,'2016-04-10 13:00:00.000000','2016-04-10 14:15:00.000000',55,70),(32,33,80,120,'2016-04-17 13:00:00.000000','2016-04-17 14:15:00.000000',55,70),(33,33,80,120,'2016-04-24 13:00:00.000000','2016-04-24 14:15:00.000000',55,70),(34,33,80,120,'2016-03-10 13:00:00.000000','2016-03-10 14:15:00.000000',55,70),(35,33,80,120,'2016-03-17 13:00:00.000000','2016-03-17 14:15:00.000000',55,70),(36,33,80,120,'2016-03-24 13:00:00.000000','2016-03-24 14:15:00.000000',55,70),(37,33,80,120,'2016-03-31 13:00:00.000000','2016-03-31 14:15:00.000000',55,70),(38,33,80,120,'2016-04-07 13:00:00.000000','2016-04-07 14:15:00.000000',55,70),(39,33,80,120,'2016-04-14 13:00:00.000000','2016-04-14 14:15:00.000000',55,70),(40,33,80,120,'2016-04-21 13:00:00.000000','2016-04-21 14:15:00.000000',55,70),(56,35,70,350,'2016-03-13 23:30:00.000000','2016-03-14 01:30:00.000000',55,75),(57,35,70,349,'2016-03-20 23:30:00.000000','2016-03-21 01:30:00.000000',70,99),(58,35,70,350,'2016-03-27 23:30:00.000000','2016-03-28 01:30:00.000000',70,99),(59,36,40,300,'2016-03-08 15:45:00.000000','2016-03-08 18:15:00.000000',36,55),(60,36,40,300,'2016-03-15 15:45:00.000000','2016-03-15 18:15:00.000000',36,55),(61,36,40,300,'2016-03-22 15:45:00.000000','2016-03-22 18:15:00.000000',36,55),(62,36,40,300,'2016-03-29 15:45:00.000000','2016-03-29 18:15:00.000000',36,55),(63,37,100,300,'2016-03-07 04:30:00.000000','2016-03-07 08:00:00.000000',79,120),(64,37,100,300,'2016-03-14 04:30:00.000000','2016-03-14 08:00:00.000000',79,120),(65,37,100,300,'2016-03-21 04:30:00.000000','2016-03-21 08:00:00.000000',79,120),(66,37,100,299,'2016-03-28 04:30:00.000000','2016-03-28 08:00:00.000000',79,120),(67,37,100,300,'2016-04-04 04:30:00.000000','2016-04-04 08:00:00.000000',79,120),(68,37,100,300,'2016-04-11 04:30:00.000000','2016-04-11 08:00:00.000000',79,120),(69,37,100,300,'2016-04-18 04:30:00.000000','2016-04-18 08:00:00.000000',79,120),(70,37,100,300,'2016-04-25 04:30:00.000000','2016-04-25 08:00:00.000000',79,120),(71,37,100,300,'2016-05-02 04:30:00.000000','2016-05-02 08:00:00.000000',79,120),(72,37,100,300,'2016-05-09 04:30:00.000000','2016-05-09 08:00:00.000000',79,120),(73,37,100,300,'2016-05-16 04:30:00.000000','2016-05-16 08:00:00.000000',79,120),(74,37,100,300,'2016-05-23 04:30:00.000000','2016-05-23 08:00:00.000000',79,120),(75,37,100,300,'2016-03-08 04:30:00.000000','2016-03-08 08:00:00.000000',79,120),(76,37,100,297,'2016-03-15 05:30:00.000000','2016-03-15 08:00:00.000000',55,199),(77,37,100,300,'2016-03-22 04:30:00.000000','2016-03-22 08:00:00.000000',79,120),(78,37,100,300,'2016-03-29 04:30:00.000000','2016-03-29 08:00:00.000000',79,120),(79,37,100,300,'2016-04-05 04:30:00.000000','2016-04-05 08:00:00.000000',79,120),(80,37,100,300,'2016-04-12 04:30:00.000000','2016-04-12 08:00:00.000000',79,120),(81,37,100,300,'2016-04-19 04:30:00.000000','2016-04-19 08:00:00.000000',79,120),(82,37,100,300,'2016-04-26 04:30:00.000000','2016-04-26 08:00:00.000000',79,120),(83,37,100,300,'2016-05-03 04:30:00.000000','2016-05-03 08:00:00.000000',79,120),(84,37,100,299,'2016-05-10 04:30:00.000000','2016-05-10 08:00:00.000000',79,120),(85,37,100,300,'2016-05-17 04:30:00.000000','2016-05-17 08:00:00.000000',79,120),(86,37,100,300,'2016-05-24 04:30:00.000000','2016-05-24 08:00:00.000000',79,120),(87,38,50,350,'2016-03-06 12:45:00.000000','2016-03-06 16:00:00.000000',78,120),(88,38,50,350,'2016-03-13 12:45:00.000000','2016-03-13 16:00:00.000000',78,120),(89,38,50,350,'2016-03-20 12:45:00.000000','2016-03-20 16:00:00.000000',78,120),(90,38,50,350,'2016-03-27 12:45:00.000000','2016-03-27 16:00:00.000000',78,120),(91,38,50,350,'2016-04-03 12:45:00.000000','2016-04-03 16:00:00.000000',78,120),(92,38,50,350,'2016-04-10 12:45:00.000000','2016-04-10 16:00:00.000000',78,120),(93,38,50,350,'2016-04-17 12:45:00.000000','2016-04-17 16:00:00.000000',78,120),(94,38,50,350,'2016-04-24 12:45:00.000000','2016-04-24 16:00:00.000000',78,120),(95,38,50,350,'2016-05-01 12:45:00.000000','2016-05-01 16:00:00.000000',78,120),(96,38,50,349,'2016-05-08 12:45:00.000000','2016-05-08 16:00:00.000000',78,120),(97,38,50,350,'2016-05-15 12:45:00.000000','2016-05-15 16:00:00.000000',78,120),(98,38,50,350,'2016-05-22 12:45:00.000000','2016-05-22 16:00:00.000000',78,120),(99,38,50,350,'2016-05-29 12:45:00.000000','2016-05-29 16:00:00.000000',78,120),(100,38,50,350,'2016-06-05 12:45:00.000000','2016-06-05 16:00:00.000000',78,120),(101,38,50,350,'2016-06-12 12:45:00.000000','2016-06-12 16:00:00.000000',78,120),(102,38,50,350,'2016-06-19 12:45:00.000000','2016-06-19 16:00:00.000000',78,120),(103,38,50,350,'2016-06-26 12:45:00.000000','2016-06-26 16:00:00.000000',78,120),(104,38,50,350,'2016-07-03 12:45:00.000000','2016-07-03 16:00:00.000000',78,120),(105,38,50,350,'2016-07-10 12:45:00.000000','2016-07-10 16:00:00.000000',78,120),(106,38,50,350,'2016-07-17 12:45:00.000000','2016-07-17 16:00:00.000000',78,120),(107,38,50,350,'2016-03-07 12:45:00.000000','2016-03-07 16:00:00.000000',78,120),(108,38,50,348,'2016-03-14 12:45:00.000000','2016-03-14 16:00:00.000000',78,120),(109,38,50,350,'2016-03-21 12:45:00.000000','2016-03-21 16:00:00.000000',78,120),(110,38,50,350,'2016-03-28 12:45:00.000000','2016-03-28 16:00:00.000000',78,120),(111,38,50,350,'2016-04-04 12:45:00.000000','2016-04-04 16:00:00.000000',78,120),(112,38,50,350,'2016-04-11 12:45:00.000000','2016-04-11 16:00:00.000000',78,120),(113,38,50,350,'2016-04-18 12:45:00.000000','2016-04-18 16:00:00.000000',78,120),(114,38,50,350,'2016-04-25 12:45:00.000000','2016-04-25 16:00:00.000000',78,120),(115,38,50,350,'2016-05-02 12:45:00.000000','2016-05-02 16:00:00.000000',78,120),(116,38,50,350,'2016-05-09 12:45:00.000000','2016-05-09 16:00:00.000000',78,120),(117,38,50,350,'2016-05-16 12:45:00.000000','2016-05-16 16:00:00.000000',78,120),(118,38,50,350,'2016-05-23 12:45:00.000000','2016-05-23 16:00:00.000000',78,120),(119,38,50,350,'2016-05-30 12:45:00.000000','2016-05-30 16:00:00.000000',78,120),(120,38,50,350,'2016-06-06 12:45:00.000000','2016-06-06 16:00:00.000000',78,120),(121,38,50,350,'2016-06-13 12:45:00.000000','2016-06-13 16:00:00.000000',78,120),(122,38,50,350,'2016-06-20 12:45:00.000000','2016-06-20 16:00:00.000000',78,120),(123,38,50,350,'2016-06-27 12:45:00.000000','2016-06-27 16:00:00.000000',78,120),(124,38,50,350,'2016-07-04 12:45:00.000000','2016-07-04 16:00:00.000000',78,120),(125,38,50,350,'2016-07-11 12:45:00.000000','2016-07-11 16:00:00.000000',78,120),(126,38,50,350,'2016-07-18 12:45:00.000000','2016-07-18 16:00:00.000000',78,120),(127,38,50,350,'2016-03-08 12:45:00.000000','2016-03-08 16:00:00.000000',78,120),(128,38,50,350,'2016-03-15 12:45:00.000000','2016-03-15 16:00:00.000000',78,120),(129,38,50,350,'2016-03-22 12:45:00.000000','2016-03-22 16:00:00.000000',78,120),(130,38,50,350,'2016-03-29 12:45:00.000000','2016-03-29 16:00:00.000000',78,120),(131,38,50,350,'2016-04-05 12:45:00.000000','2016-04-05 16:00:00.000000',78,120),(132,38,50,350,'2016-04-12 12:45:00.000000','2016-04-12 16:00:00.000000',78,120),(133,38,50,350,'2016-04-19 12:45:00.000000','2016-04-19 16:00:00.000000',78,120),(134,38,50,350,'2016-04-26 12:45:00.000000','2016-04-26 16:00:00.000000',78,120),(135,38,50,350,'2016-05-03 12:45:00.000000','2016-05-03 16:00:00.000000',78,120),(136,38,50,350,'2016-05-10 12:45:00.000000','2016-05-10 16:00:00.000000',78,120),(137,38,50,350,'2016-05-17 12:45:00.000000','2016-05-17 16:00:00.000000',78,120),(138,38,50,350,'2016-05-24 12:45:00.000000','2016-05-24 16:00:00.000000',78,120),(139,38,50,350,'2016-05-31 12:45:00.000000','2016-05-31 16:00:00.000000',78,120),(140,38,50,350,'2016-06-07 12:45:00.000000','2016-06-07 16:00:00.000000',78,120),(141,38,50,350,'2016-06-14 12:45:00.000000','2016-06-14 16:00:00.000000',78,120),(142,38,50,350,'2016-06-21 12:45:00.000000','2016-06-21 16:00:00.000000',78,120),(143,38,50,350,'2016-06-28 12:45:00.000000','2016-06-28 16:00:00.000000',78,120),(144,38,50,350,'2016-07-05 12:45:00.000000','2016-07-05 16:00:00.000000',78,120),(145,38,50,350,'2016-07-12 12:45:00.000000','2016-07-12 16:00:00.000000',78,120),(146,38,50,350,'2016-07-19 12:45:00.000000','2016-07-19 16:00:00.000000',78,120),(147,39,140,200,'2016-03-08 20:45:00.000000','2016-03-09 00:00:00.000000',60,88),(148,39,140,200,'2016-03-15 20:45:00.000000','2016-03-16 00:00:00.000000',60,88),(149,39,140,200,'2016-03-22 20:45:00.000000','2016-03-23 00:00:00.000000',60,88),(150,39,140,200,'2016-03-29 20:45:00.000000','2016-03-30 00:00:00.000000',60,88),(151,39,140,200,'2016-04-05 20:45:00.000000','2016-04-06 00:00:00.000000',60,88),(152,39,140,200,'2016-04-12 20:45:00.000000','2016-04-13 00:00:00.000000',60,88),(153,39,140,200,'2016-04-19 20:45:00.000000','2016-04-20 00:00:00.000000',60,88),(154,39,140,200,'2016-04-26 20:45:00.000000','2016-04-27 00:00:00.000000',60,88),(155,39,140,200,'2016-05-03 20:45:00.000000','2016-05-04 00:00:00.000000',60,88),(156,39,140,200,'2016-05-10 20:45:00.000000','2016-05-11 00:00:00.000000',60,88),(157,39,140,200,'2016-05-17 20:45:00.000000','2016-05-18 00:00:00.000000',60,88),(158,39,140,200,'2016-05-24 20:45:00.000000','2016-05-25 00:00:00.000000',60,88),(159,39,140,200,'2016-03-10 20:45:00.000000','2016-03-11 00:00:00.000000',60,88),(160,39,140,200,'2016-03-17 20:45:00.000000','2016-03-18 00:00:00.000000',60,88),(161,39,140,200,'2016-03-24 20:45:00.000000','2016-03-25 00:00:00.000000',60,88),(162,39,140,200,'2016-03-31 20:45:00.000000','2016-04-01 00:00:00.000000',60,88),(163,39,140,200,'2016-04-07 20:45:00.000000','2016-04-08 00:00:00.000000',60,88),(164,39,140,200,'2016-04-14 20:45:00.000000','2016-04-15 00:00:00.000000',60,88),(165,39,140,200,'2016-04-21 20:45:00.000000','2016-04-22 00:00:00.000000',60,88),(166,39,140,200,'2016-04-28 20:45:00.000000','2016-04-29 00:00:00.000000',60,88),(167,39,140,200,'2016-05-05 20:45:00.000000','2016-05-06 00:00:00.000000',60,88),(168,39,140,200,'2016-05-12 20:45:00.000000','2016-05-13 00:00:00.000000',60,88),(169,39,140,200,'2016-05-19 20:45:00.000000','2016-05-20 00:00:00.000000',60,88),(187,41,50,350,'2016-03-07 07:30:00.000000','2016-03-07 10:15:00.000000',110,180),(188,41,50,350,'2016-03-14 07:30:00.000000','2016-03-14 10:15:00.000000',110,180),(189,41,50,350,'2016-03-21 07:30:00.000000','2016-03-21 10:15:00.000000',110,180),(190,41,50,350,'2016-03-28 07:30:00.000000','2016-03-28 10:15:00.000000',110,180),(191,41,50,350,'2016-04-04 07:30:00.000000','2016-04-04 10:15:00.000000',110,180),(192,41,50,350,'2016-04-11 07:30:00.000000','2016-04-11 10:15:00.000000',110,180),(193,41,50,350,'2016-04-18 07:30:00.000000','2016-04-18 10:15:00.000000',110,180),(194,41,50,350,'2016-04-25 07:30:00.000000','2016-04-25 10:15:00.000000',110,180),(195,41,50,350,'2016-05-02 07:30:00.000000','2016-05-02 10:15:00.000000',110,180),(196,41,50,350,'2016-05-09 07:30:00.000000','2016-05-09 10:15:00.000000',110,180),(197,41,50,350,'2016-05-16 07:30:00.000000','2016-05-16 10:15:00.000000',110,180),(198,41,50,350,'2016-05-23 07:30:00.000000','2016-05-23 10:15:00.000000',110,180),(199,41,50,350,'2016-05-30 07:30:00.000000','2016-05-30 10:15:00.000000',110,180),(200,41,50,350,'2016-03-08 07:30:00.000000','2016-03-08 10:15:00.000000',110,180),(201,41,50,350,'2016-03-15 07:30:00.000000','2016-03-15 10:15:00.000000',110,180),(202,41,50,350,'2016-03-22 07:30:00.000000','2016-03-22 10:15:00.000000',110,180),(203,41,50,350,'2016-03-29 07:30:00.000000','2016-03-29 10:15:00.000000',110,180),(204,41,50,350,'2016-04-05 07:30:00.000000','2016-04-05 10:15:00.000000',110,180),(205,41,50,350,'2016-04-12 07:30:00.000000','2016-04-12 10:15:00.000000',110,180),(206,41,50,350,'2016-04-19 07:30:00.000000','2016-04-19 10:15:00.000000',110,180),(207,41,50,350,'2016-04-26 07:30:00.000000','2016-04-26 10:15:00.000000',110,180),(208,41,50,350,'2016-05-03 07:30:00.000000','2016-05-03 10:15:00.000000',110,180),(209,41,50,350,'2016-05-10 07:30:00.000000','2016-05-10 10:15:00.000000',110,180),(210,41,50,350,'2016-05-17 07:30:00.000000','2016-05-17 10:15:00.000000',110,180),(211,41,50,350,'2016-05-24 07:30:00.000000','2016-05-24 10:15:00.000000',110,180),(212,41,50,350,'2016-05-31 07:30:00.000000','2016-05-31 10:15:00.000000',110,180),(213,42,10,450,'2016-03-22 12:00:00.000000','2016-03-23 02:00:00.000000',40,90),(214,42,10,450,'2016-03-29 12:00:00.000000','2016-03-30 02:00:00.000000',40,90),(215,42,10,450,'2016-04-05 12:00:00.000000','2016-04-06 02:00:00.000000',40,90),(216,42,10,450,'2016-04-12 12:00:00.000000','2016-04-13 02:00:00.000000',40,90),(217,42,10,450,'2016-04-19 12:00:00.000000','2016-04-20 02:00:00.000000',40,90),(218,42,10,450,'2016-04-26 12:00:00.000000','2016-04-27 02:00:00.000000',40,90),(219,42,10,450,'2016-05-03 12:00:00.000000','2016-05-04 02:00:00.000000',40,90),(220,42,10,450,'2016-05-10 12:00:00.000000','2016-05-11 02:00:00.000000',40,90),(221,42,10,450,'2016-05-17 12:00:00.000000','2016-05-18 02:00:00.000000',40,90),(222,42,10,450,'2016-05-24 12:00:00.000000','2016-05-25 02:00:00.000000',40,90),(223,42,10,450,'2016-05-31 12:00:00.000000','2016-06-01 02:00:00.000000',40,90),(224,42,10,450,'2016-06-07 12:00:00.000000','2016-06-08 02:00:00.000000',40,90),(225,42,10,450,'2016-06-14 12:00:00.000000','2016-06-15 02:00:00.000000',40,90),(226,42,10,450,'2016-06-21 12:00:00.000000','2016-06-22 02:00:00.000000',40,90),(227,42,10,450,'2016-06-28 12:00:00.000000','2016-06-29 02:00:00.000000',40,90),(228,42,10,450,'2016-07-05 12:00:00.000000','2016-07-06 02:00:00.000000',40,90),(229,42,10,450,'2016-07-12 12:00:00.000000','2016-07-13 02:00:00.000000',40,90),(230,42,10,450,'2016-07-19 12:00:00.000000','2016-07-20 02:00:00.000000',40,90),(231,42,10,450,'2016-07-26 12:00:00.000000','2016-07-27 02:00:00.000000',40,90),(232,42,10,450,'2016-08-02 12:00:00.000000','2016-08-03 02:00:00.000000',40,90),(233,42,10,450,'2016-08-09 12:00:00.000000','2016-08-10 02:00:00.000000',40,90),(234,42,10,450,'2016-08-16 12:00:00.000000','2016-08-17 02:00:00.000000',40,90),(235,42,10,450,'2016-08-23 12:00:00.000000','2016-08-24 02:00:00.000000',40,90),(236,42,10,450,'2016-08-30 12:00:00.000000','2016-08-31 02:00:00.000000',40,90),(237,42,10,450,'2016-09-06 12:00:00.000000','2016-09-07 02:00:00.000000',40,90),(238,42,10,450,'2016-09-13 12:00:00.000000','2016-09-14 02:00:00.000000',40,90),(239,42,10,450,'2016-09-20 12:00:00.000000','2016-09-21 02:00:00.000000',40,90),(240,42,10,450,'2016-09-27 12:00:00.000000','2016-09-28 02:00:00.000000',40,90),(241,42,10,450,'2016-03-23 12:00:00.000000','2016-03-24 02:00:00.000000',40,90),(242,42,10,450,'2016-03-30 12:00:00.000000','2016-03-31 02:00:00.000000',40,90),(243,42,10,450,'2016-04-06 12:00:00.000000','2016-04-07 02:00:00.000000',40,90),(244,42,10,450,'2016-04-13 12:00:00.000000','2016-04-14 02:00:00.000000',40,90),(245,42,10,450,'2016-04-20 12:00:00.000000','2016-04-21 02:00:00.000000',40,90),(246,42,10,450,'2016-04-27 12:00:00.000000','2016-04-28 02:00:00.000000',40,90),(247,42,10,450,'2016-05-04 12:00:00.000000','2016-05-05 02:00:00.000000',40,90),(248,42,10,450,'2016-05-11 12:00:00.000000','2016-05-12 02:00:00.000000',40,90),(249,42,10,450,'2016-05-18 12:00:00.000000','2016-05-19 02:00:00.000000',40,90),(250,42,10,450,'2016-05-25 12:00:00.000000','2016-05-26 02:00:00.000000',40,90),(251,42,10,450,'2016-06-01 12:00:00.000000','2016-06-02 02:00:00.000000',40,90),(252,42,10,450,'2016-06-08 12:00:00.000000','2016-06-09 02:00:00.000000',40,90),(253,42,10,450,'2016-06-15 12:00:00.000000','2016-06-16 02:00:00.000000',40,90),(254,42,10,450,'2016-06-22 12:00:00.000000','2016-06-23 02:00:00.000000',40,90),(255,42,10,450,'2016-06-29 12:00:00.000000','2016-06-30 02:00:00.000000',40,90),(256,42,10,450,'2016-07-06 12:00:00.000000','2016-07-07 02:00:00.000000',40,90),(257,42,10,450,'2016-07-13 12:00:00.000000','2016-07-14 02:00:00.000000',40,90),(258,42,10,450,'2016-07-20 12:00:00.000000','2016-07-21 02:00:00.000000',40,90),(259,42,10,450,'2016-07-27 12:00:00.000000','2016-07-28 02:00:00.000000',40,90),(260,42,10,450,'2016-08-03 12:00:00.000000','2016-08-04 02:00:00.000000',40,90),(261,42,10,450,'2016-08-10 12:00:00.000000','2016-08-11 02:00:00.000000',40,90),(262,42,10,450,'2016-08-17 12:00:00.000000','2016-08-18 02:00:00.000000',40,90),(263,42,10,450,'2016-08-24 12:00:00.000000','2016-08-25 02:00:00.000000',40,90),(264,42,10,450,'2016-08-31 12:00:00.000000','2016-09-01 02:00:00.000000',40,90),(265,42,10,450,'2016-09-07 12:00:00.000000','2016-09-08 02:00:00.000000',40,90),(266,42,10,450,'2016-09-14 12:00:00.000000','2016-09-15 02:00:00.000000',40,90),(267,42,10,450,'2016-09-21 12:00:00.000000','2016-09-22 02:00:00.000000',40,90),(296,30,50,200,'2016-03-30 13:30:00.000000','2016-03-30 16:00:00.000000',100,150),(297,30,50,200,'2016-04-06 13:30:00.000000','2016-04-06 16:00:00.000000',100,150),(298,30,50,200,'2016-04-13 13:30:00.000000','2016-04-13 16:00:00.000000',100,150),(299,30,50,200,'2016-04-20 13:30:00.000000','2016-04-20 16:00:00.000000',100,150),(300,30,50,199,'2016-04-27 13:30:00.000000','2016-04-27 16:00:00.000000',100,150),(301,30,50,200,'2016-03-31 13:30:00.000000','2016-03-31 16:00:00.000000',100,150),(302,30,50,200,'2016-04-07 13:30:00.000000','2016-04-07 16:00:00.000000',100,150),(303,30,50,200,'2016-04-14 13:30:00.000000','2016-04-14 16:00:00.000000',100,150),(304,30,50,200,'2016-04-21 13:30:00.000000','2016-04-21 16:00:00.000000',100,150),(305,30,50,200,'2016-04-28 13:30:00.000000','2016-04-28 16:00:00.000000',100,150),(306,44,100,200,'2016-03-14 08:00:00.000000','2016-03-14 10:30:00.000000',60,90),(307,44,100,200,'2016-03-21 08:00:00.000000','2016-03-21 10:30:00.000000',60,90),(308,44,100,200,'2016-03-28 08:00:00.000000','2016-03-28 10:30:00.000000',60,90),(309,44,100,200,'2016-04-04 08:00:00.000000','2016-04-04 10:30:00.000000',60,90),(310,44,100,200,'2016-04-11 08:00:00.000000','2016-04-11 10:30:00.000000',60,90),(311,44,100,200,'2016-04-18 08:00:00.000000','2016-04-18 10:30:00.000000',60,90),(312,44,100,200,'2016-04-25 08:00:00.000000','2016-04-25 10:30:00.000000',60,90),(313,44,100,200,'2016-05-02 08:00:00.000000','2016-05-02 10:30:00.000000',60,90),(314,44,100,200,'2016-05-09 08:00:00.000000','2016-05-09 10:30:00.000000',60,90),(315,44,100,200,'2016-05-16 08:00:00.000000','2016-05-16 10:30:00.000000',60,90),(316,44,100,200,'2016-05-23 08:00:00.000000','2016-05-23 10:30:00.000000',60,90),(317,44,100,200,'2016-05-30 08:00:00.000000','2016-05-30 10:30:00.000000',60,90),(318,44,100,200,'2016-06-06 08:00:00.000000','2016-06-06 10:30:00.000000',60,90),(319,44,100,200,'2016-06-13 08:00:00.000000','2016-06-13 10:30:00.000000',60,90),(320,44,100,200,'2016-06-20 08:00:00.000000','2016-06-20 10:30:00.000000',60,90),(321,44,100,200,'2016-06-27 08:00:00.000000','2016-06-27 10:30:00.000000',60,90),(322,44,100,200,'2016-03-16 08:00:00.000000','2016-03-16 10:30:00.000000',60,90),(323,44,100,200,'2016-03-23 08:00:00.000000','2016-03-23 10:30:00.000000',60,90),(324,44,100,199,'2016-03-30 08:00:00.000000','2016-03-30 10:30:00.000000',60,90),(325,44,100,200,'2016-04-06 08:00:00.000000','2016-04-06 10:30:00.000000',60,90),(326,44,100,200,'2016-04-13 08:00:00.000000','2016-04-13 10:30:00.000000',60,90),(327,44,100,200,'2016-04-20 08:00:00.000000','2016-04-20 10:30:00.000000',60,90),(328,44,100,200,'2016-04-27 08:00:00.000000','2016-04-27 10:30:00.000000',60,90),(329,44,100,200,'2016-05-04 08:00:00.000000','2016-05-04 10:30:00.000000',60,90),(330,44,100,200,'2016-05-11 08:00:00.000000','2016-05-11 10:30:00.000000',60,90),(331,44,100,200,'2016-05-18 08:00:00.000000','2016-05-18 10:30:00.000000',60,90),(332,44,100,200,'2016-05-25 08:00:00.000000','2016-05-25 10:30:00.000000',60,90),(333,44,100,200,'2016-06-01 08:00:00.000000','2016-06-01 10:30:00.000000',60,90),(334,44,100,200,'2016-06-08 08:00:00.000000','2016-06-08 10:30:00.000000',60,90),(335,44,100,200,'2016-06-15 08:00:00.000000','2016-06-15 10:30:00.000000',60,90),(336,44,100,200,'2016-06-22 08:00:00.000000','2016-06-22 10:30:00.000000',60,90),(337,44,100,200,'2016-06-29 08:00:00.000000','2016-06-29 10:30:00.000000',60,90),(338,45,50,200,'2016-03-22 00:30:00.000000','2016-03-22 15:30:00.000000',55,80),(339,45,50,200,'2016-03-29 00:30:00.000000','2016-03-29 15:30:00.000000',55,80),(340,45,50,200,'2016-04-05 00:30:00.000000','2016-04-05 15:30:00.000000',55,80),(341,45,50,200,'2016-04-12 00:30:00.000000','2016-04-12 15:30:00.000000',55,80),(342,45,50,200,'2016-04-19 00:30:00.000000','2016-04-19 15:30:00.000000',55,80),(343,45,50,200,'2016-04-26 00:30:00.000000','2016-04-26 15:30:00.000000',55,80),(344,45,50,200,'2016-05-03 00:30:00.000000','2016-05-03 15:30:00.000000',55,80),(345,45,50,200,'2016-05-10 00:30:00.000000','2016-05-10 15:30:00.000000',55,80),(346,45,50,200,'2016-05-17 00:30:00.000000','2016-05-17 15:30:00.000000',55,80),(347,45,50,200,'2016-05-24 00:30:00.000000','2016-05-24 15:30:00.000000',55,80),(348,45,50,200,'2016-05-31 00:30:00.000000','2016-05-31 15:30:00.000000',55,80),(349,45,50,200,'2016-06-07 00:30:00.000000','2016-06-07 15:30:00.000000',55,80),(350,45,50,200,'2016-06-14 00:30:00.000000','2016-06-14 15:30:00.000000',55,80),(351,45,50,200,'2016-06-21 00:30:00.000000','2016-06-21 15:30:00.000000',55,80),(352,45,50,200,'2016-06-28 00:30:00.000000','2016-06-28 15:30:00.000000',55,80),(353,45,50,200,'2016-03-24 00:30:00.000000','2016-03-24 15:30:00.000000',55,80),(354,45,50,200,'2016-03-31 00:30:00.000000','2016-03-31 15:30:00.000000',55,80),(355,45,50,200,'2016-04-07 00:30:00.000000','2016-04-07 15:30:00.000000',55,80),(356,45,50,200,'2016-04-14 00:30:00.000000','2016-04-14 15:30:00.000000',55,80),(357,45,50,200,'2016-04-21 00:30:00.000000','2016-04-21 15:30:00.000000',55,80),(358,45,50,200,'2016-04-28 00:30:00.000000','2016-04-28 15:30:00.000000',55,80),(359,45,50,200,'2016-05-05 00:30:00.000000','2016-05-05 15:30:00.000000',55,80),(360,45,50,200,'2016-05-12 00:30:00.000000','2016-05-12 15:30:00.000000',55,80),(361,45,50,200,'2016-05-19 00:30:00.000000','2016-05-19 15:30:00.000000',55,80),(362,45,50,200,'2016-05-26 00:30:00.000000','2016-05-26 15:30:00.000000',55,80),(363,45,50,200,'2016-06-02 00:30:00.000000','2016-06-02 15:30:00.000000',55,80),(364,45,50,200,'2016-06-09 00:30:00.000000','2016-06-09 15:30:00.000000',55,80),(365,45,50,200,'2016-06-16 00:30:00.000000','2016-06-16 15:30:00.000000',55,80),(366,45,50,200,'2016-06-23 00:30:00.000000','2016-06-23 15:30:00.000000',55,80),(367,45,50,200,'2016-06-30 00:30:00.000000','2016-06-30 15:30:00.000000',55,80),(368,46,80,250,'2016-03-09 14:00:00.000000','2016-03-09 16:00:00.000000',68,90),(369,46,80,250,'2016-03-16 14:00:00.000000','2016-03-16 16:00:00.000000',68,90),(370,46,80,250,'2016-03-23 14:00:00.000000','2016-03-23 16:00:00.000000',68,90),(371,46,80,249,'2016-03-30 14:00:00.000000','2016-03-30 16:00:00.000000',68,90),(372,46,80,250,'2016-04-06 14:00:00.000000','2016-04-06 16:00:00.000000',68,90),(373,46,80,250,'2016-04-13 14:00:00.000000','2016-04-13 16:00:00.000000',68,90),(374,46,80,250,'2016-04-20 14:00:00.000000','2016-04-20 16:00:00.000000',68,90),(375,46,80,250,'2016-04-27 14:00:00.000000','2016-04-27 16:00:00.000000',68,90),(376,46,80,250,'2016-05-04 14:00:00.000000','2016-05-04 16:00:00.000000',68,90),(377,46,80,250,'2016-05-11 14:00:00.000000','2016-05-11 16:00:00.000000',68,90),(378,46,80,250,'2016-05-18 14:00:00.000000','2016-05-18 16:00:00.000000',68,90),(379,46,80,250,'2016-05-25 14:00:00.000000','2016-05-25 16:00:00.000000',68,90),(388,48,60,300,'2016-03-08 16:00:00.000000','2016-03-08 17:45:00.000000',45,70),(389,48,60,300,'2016-03-15 16:00:00.000000','2016-03-15 17:45:00.000000',45,70),(390,48,60,299,'2016-03-22 16:00:00.000000','2016-03-22 17:45:00.000000',45,70),(391,48,60,300,'2016-03-29 16:00:00.000000','2016-03-29 17:45:00.000000',45,70),(392,48,60,300,'2016-04-05 16:00:00.000000','2016-04-05 17:45:00.000000',45,70),(393,48,60,300,'2016-04-12 16:00:00.000000','2016-04-12 17:45:00.000000',45,70),(394,48,60,300,'2016-04-19 16:00:00.000000','2016-04-19 17:45:00.000000',45,70),(395,48,60,300,'2016-04-26 16:00:00.000000','2016-04-26 17:45:00.000000',45,70),(396,48,60,300,'2016-03-11 16:00:00.000000','2016-03-11 17:45:00.000000',45,70),(397,48,60,300,'2016-03-18 16:00:00.000000','2016-03-18 17:45:00.000000',45,70),(398,48,60,300,'2016-03-25 16:00:00.000000','2016-03-25 17:45:00.000000',45,70),(399,48,60,300,'2016-04-01 16:00:00.000000','2016-04-01 17:45:00.000000',45,70),(400,48,60,300,'2016-04-08 16:00:00.000000','2016-04-08 17:45:00.000000',45,70),(401,48,60,300,'2016-04-15 16:00:00.000000','2016-04-15 17:45:00.000000',45,70),(402,48,60,300,'2016-04-22 16:00:00.000000','2016-04-22 17:45:00.000000',45,70),(403,48,60,300,'2016-04-29 16:00:00.000000','2016-04-29 17:45:00.000000',45,70),(418,55,34,34,'2016-03-16 13:00:00.000000','2016-03-16 16:00:00.000000',34,34),(419,55,34,34,'2016-03-23 13:00:00.000000','2016-03-23 16:00:00.000000',34,34),(420,55,34,34,'2016-03-30 13:00:00.000000','2016-03-30 16:00:00.000000',34,34),(421,55,34,34,'2016-03-19 13:00:00.000000','2016-03-19 16:00:00.000000',34,34),(422,55,34,34,'2016-03-26 13:00:00.000000','2016-03-26 16:00:00.000000',34,34),(423,63,80,200,'2016-03-23 19:45:00.000000','2016-03-23 21:30:00.000000',45,68),(424,63,80,200,'2016-03-30 19:45:00.000000','2016-03-30 21:30:00.000000',45,68),(425,63,80,200,'2016-04-06 19:45:00.000000','2016-04-06 21:30:00.000000',45,68),(426,63,80,200,'2016-04-13 19:45:00.000000','2016-04-13 21:30:00.000000',45,68),(427,63,80,200,'2016-04-20 19:45:00.000000','2016-04-20 21:30:00.000000',45,68),(428,63,80,200,'2016-04-27 19:45:00.000000','2016-04-27 21:30:00.000000',45,68),(429,63,80,200,'2016-05-04 19:45:00.000000','2016-05-04 21:30:00.000000',45,68),(430,63,80,200,'2016-05-11 19:45:00.000000','2016-05-11 21:30:00.000000',45,68),(431,63,80,200,'2016-05-18 19:45:00.000000','2016-05-18 21:30:00.000000',45,68),(432,63,80,200,'2016-05-25 19:45:00.000000','2016-05-25 21:30:00.000000',45,68),(433,63,80,200,'2016-03-25 19:45:00.000000','2016-03-25 21:30:00.000000',45,68),(434,63,80,200,'2016-04-01 19:45:00.000000','2016-04-01 21:30:00.000000',45,68),(435,63,80,200,'2016-04-08 19:45:00.000000','2016-04-08 21:30:00.000000',45,68),(436,63,80,200,'2016-04-15 19:45:00.000000','2016-04-15 21:30:00.000000',45,68),(437,63,80,200,'2016-04-22 19:45:00.000000','2016-04-22 21:30:00.000000',45,68),(438,63,80,200,'2016-04-29 19:45:00.000000','2016-04-29 21:30:00.000000',45,68),(439,63,80,200,'2016-05-06 19:45:00.000000','2016-05-06 21:30:00.000000',45,68),(440,63,80,200,'2016-05-13 19:45:00.000000','2016-05-13 21:30:00.000000',45,68),(441,63,80,200,'2016-05-20 19:45:00.000000','2016-05-20 21:30:00.000000',45,68),(442,63,80,200,'2016-05-27 19:45:00.000000','2016-05-27 21:30:00.000000',45,68),(443,65,120,200,'2016-03-23 14:00:00.000000','2016-03-23 16:30:00.000000',48,70),(444,65,120,200,'2016-03-30 14:00:00.000000','2016-03-30 16:30:00.000000',48,70),(445,65,120,200,'2016-04-06 14:00:00.000000','2016-04-06 16:30:00.000000',48,70),(446,65,120,200,'2016-04-13 14:00:00.000000','2016-04-13 16:30:00.000000',48,70),(447,65,120,200,'2016-04-20 14:00:00.000000','2016-04-20 16:30:00.000000',48,70),(448,65,120,200,'2016-04-27 14:00:00.000000','2016-04-27 16:30:00.000000',48,70),(449,69,100,200,'2016-03-22 10:00:00.000000','2016-03-22 12:00:00.000000',60,90),(450,69,100,200,'2016-03-29 10:00:00.000000','2016-03-30 00:00:00.000000',44,126),(451,69,100,200,'2016-04-05 10:00:00.000000','2016-04-05 12:00:00.000000',60,90),(452,69,100,200,'2016-04-12 10:00:00.000000','2016-04-12 12:00:00.000000',60,90),(453,69,100,200,'2016-04-19 10:00:00.000000','2016-04-19 12:00:00.000000',60,90),(454,69,100,199,'2016-04-26 10:00:00.000000','2016-04-26 12:00:00.000000',60,90),(455,69,100,200,'2016-05-03 10:00:00.000000','2016-05-03 12:00:00.000000',60,90),(456,69,100,200,'2016-05-10 10:00:00.000000','2016-05-10 12:00:00.000000',60,90),(457,69,100,200,'2016-05-17 10:00:00.000000','2016-05-17 12:00:00.000000',60,90),(458,69,100,200,'2016-05-24 10:00:00.000000','2016-05-24 12:00:00.000000',60,90),(459,69,100,200,'2016-05-31 10:00:00.000000','2016-05-31 12:00:00.000000',60,90),(460,69,100,200,'2016-06-07 10:00:00.000000','2016-06-07 12:00:00.000000',60,90),(461,69,100,200,'2016-06-14 10:00:00.000000','2016-06-14 12:00:00.000000',60,90),(462,69,100,200,'2016-06-21 10:00:00.000000','2016-06-21 12:00:00.000000',60,90),(463,69,100,200,'2016-06-28 10:00:00.000000','2016-06-28 12:00:00.000000',60,90),(464,69,100,200,'2016-07-05 10:00:00.000000','2016-07-05 12:00:00.000000',60,90),(465,69,100,200,'2016-07-12 10:00:00.000000','2016-07-12 12:00:00.000000',60,90),(466,69,100,200,'2016-07-19 10:00:00.000000','2016-07-19 12:00:00.000000',60,90),(467,69,100,200,'2016-07-26 10:00:00.000000','2016-07-26 12:00:00.000000',60,90),(468,69,100,200,'2016-08-02 10:00:00.000000','2016-08-02 12:00:00.000000',60,90),(469,69,100,200,'2016-08-09 10:00:00.000000','2016-08-09 12:00:00.000000',60,90),(470,69,100,200,'2016-08-16 10:00:00.000000','2016-08-16 12:00:00.000000',60,90),(471,69,100,200,'2016-08-23 10:00:00.000000','2016-08-23 12:00:00.000000',60,90),(472,69,100,200,'2016-08-30 10:00:00.000000','2016-08-30 12:00:00.000000',60,90),(473,69,100,200,'2016-09-06 10:00:00.000000','2016-09-06 12:00:00.000000',60,90),(474,69,100,200,'2016-09-13 10:00:00.000000','2016-09-13 12:00:00.000000',60,90),(475,69,100,200,'2016-09-20 10:00:00.000000','2016-09-20 12:00:00.000000',60,90),(476,69,100,200,'2016-09-27 10:00:00.000000','2016-09-27 12:00:00.000000',60,90),(477,69,100,200,'2016-03-24 10:00:00.000000','2016-03-24 12:00:00.000000',60,90),(478,69,100,200,'2016-03-31 10:00:00.000000','2016-03-31 12:00:00.000000',60,90),(479,69,100,200,'2016-04-07 10:00:00.000000','2016-04-07 12:00:00.000000',60,90),(480,69,100,200,'2016-04-14 10:00:00.000000','2016-04-14 12:00:00.000000',60,90),(481,69,100,200,'2016-04-21 10:00:00.000000','2016-04-21 12:00:00.000000',60,90),(482,69,100,200,'2016-04-28 10:00:00.000000','2016-04-28 12:00:00.000000',60,90),(483,69,100,200,'2016-05-05 10:00:00.000000','2016-05-05 12:00:00.000000',60,90),(484,69,100,200,'2016-05-12 10:00:00.000000','2016-05-12 12:00:00.000000',60,90),(485,69,100,200,'2016-05-19 10:00:00.000000','2016-05-19 12:00:00.000000',60,90),(486,69,100,200,'2016-05-26 10:00:00.000000','2016-05-26 12:00:00.000000',60,90),(487,69,100,200,'2016-06-02 10:00:00.000000','2016-06-02 12:00:00.000000',60,90),(488,69,100,200,'2016-06-09 10:00:00.000000','2016-06-09 12:00:00.000000',60,90),(489,69,100,200,'2016-06-16 10:00:00.000000','2016-06-16 12:00:00.000000',60,90),(490,69,100,200,'2016-06-23 10:00:00.000000','2016-06-23 12:00:00.000000',60,90),(491,69,100,200,'2016-06-30 10:00:00.000000','2016-06-30 12:00:00.000000',60,90),(492,69,100,200,'2016-07-07 10:00:00.000000','2016-07-07 12:00:00.000000',60,90),(493,69,100,200,'2016-07-14 10:00:00.000000','2016-07-14 12:00:00.000000',60,90),(494,69,100,200,'2016-07-21 10:00:00.000000','2016-07-21 12:00:00.000000',60,90),(495,69,100,200,'2016-07-28 10:00:00.000000','2016-07-28 12:00:00.000000',60,90),(496,69,100,200,'2016-08-04 10:00:00.000000','2016-08-04 12:00:00.000000',60,90),(497,69,100,200,'2016-08-11 10:00:00.000000','2016-08-11 12:00:00.000000',60,90),(498,69,100,200,'2016-08-18 10:00:00.000000','2016-08-18 12:00:00.000000',60,90),(499,69,100,200,'2016-08-25 10:00:00.000000','2016-08-25 12:00:00.000000',60,90),(500,69,100,200,'2016-09-01 10:00:00.000000','2016-09-01 12:00:00.000000',60,90),(501,69,100,200,'2016-09-08 10:00:00.000000','2016-09-08 12:00:00.000000',60,90),(502,69,100,200,'2016-09-15 10:00:00.000000','2016-09-15 12:00:00.000000',60,90),(503,69,100,200,'2016-09-22 10:00:00.000000','2016-09-22 12:00:00.000000',60,90),(504,69,100,200,'2016-09-29 10:00:00.000000','2016-09-29 12:00:00.000000',60,90),(505,70,120,200,'2016-03-22 15:00:00.000000','2016-03-22 17:15:00.000000',47,66),(506,70,120,200,'2016-03-29 15:00:00.000000','2016-03-29 17:15:00.000000',47,66),(507,70,120,200,'2016-04-05 15:00:00.000000','2016-04-05 17:15:00.000000',47,66),(508,70,120,200,'2016-04-12 15:00:00.000000','2016-04-12 17:15:00.000000',47,66),(509,70,120,200,'2016-04-19 15:00:00.000000','2016-04-19 17:15:00.000000',47,66),(510,70,120,200,'2016-04-26 15:00:00.000000','2016-04-26 17:15:00.000000',47,66),(511,70,120,200,'2016-03-24 15:00:00.000000','2016-03-24 17:15:00.000000',47,66),(512,70,120,200,'2016-03-31 15:00:00.000000','2016-03-31 17:15:00.000000',47,66),(513,70,120,200,'2016-04-07 15:00:00.000000','2016-04-07 17:15:00.000000',47,66),(514,70,120,200,'2016-04-14 15:00:00.000000','2016-04-14 17:15:00.000000',47,66),(515,70,120,200,'2016-04-21 15:00:00.000000','2016-04-21 17:15:00.000000',47,66),(516,70,120,200,'2016-04-28 15:00:00.000000','2016-04-28 17:15:00.000000',47,66),(533,47,100,250,'2016-03-22 12:45:00.000000','2016-03-22 15:30:00.000000',70,100),(534,47,100,250,'2016-03-29 12:45:00.000000','2016-03-29 15:30:00.000000',70,100),(535,47,100,249,'2016-04-05 12:45:00.000000','2016-04-05 15:30:00.000000',70,100),(536,47,100,250,'2016-04-12 12:45:00.000000','2016-04-12 15:30:00.000000',70,100),(537,47,100,250,'2016-04-19 12:45:00.000000','2016-04-19 15:30:00.000000',70,100),(538,47,100,250,'2016-04-26 12:45:00.000000','2016-04-26 15:30:00.000000',70,100),(539,47,100,250,'2016-05-03 12:45:00.000000','2016-05-03 15:30:00.000000',70,100),(540,47,100,250,'2016-05-10 12:45:00.000000','2016-05-10 15:30:00.000000',70,100),(541,47,100,250,'2016-05-17 12:45:00.000000','2016-05-17 15:30:00.000000',70,100),(542,47,100,250,'2016-05-24 12:45:00.000000','2016-05-24 15:30:00.000000',70,100),(543,47,100,250,'2016-05-31 12:45:00.000000','2016-05-31 15:30:00.000000',70,100),(544,47,100,250,'2016-06-07 12:45:00.000000','2016-06-07 15:30:00.000000',70,100),(545,47,100,250,'2016-06-14 12:45:00.000000','2016-06-14 15:30:00.000000',70,100),(546,47,100,250,'2016-06-21 12:45:00.000000','2016-06-21 15:30:00.000000',70,100),(547,47,100,250,'2016-06-28 12:45:00.000000','2016-06-28 15:30:00.000000',70,100),(548,47,100,250,'2016-07-05 12:45:00.000000','2016-07-05 15:30:00.000000',70,100),(549,47,100,250,'2016-07-12 12:45:00.000000','2016-07-12 15:30:00.000000',70,100),(550,47,100,250,'2016-07-19 12:45:00.000000','2016-07-19 15:30:00.000000',70,100),(551,47,100,250,'2016-07-26 12:45:00.000000','2016-07-26 15:30:00.000000',70,100),(552,47,100,250,'2016-03-23 12:45:00.000000','2016-03-23 15:30:00.000000',70,100),(553,47,100,250,'2016-03-30 12:45:00.000000','2016-03-30 15:30:00.000000',70,100),(554,47,100,250,'2016-04-06 12:45:00.000000','2016-04-06 15:30:00.000000',70,100),(555,47,100,250,'2016-04-13 12:45:00.000000','2016-04-13 15:30:00.000000',70,100),(556,47,100,250,'2016-04-20 12:45:00.000000','2016-04-20 15:30:00.000000',70,100),(557,47,100,250,'2016-04-27 12:45:00.000000','2016-04-27 15:30:00.000000',70,100),(558,47,100,250,'2016-05-04 12:45:00.000000','2016-05-04 15:30:00.000000',70,100),(559,47,100,250,'2016-05-11 12:45:00.000000','2016-05-11 15:30:00.000000',70,100),(560,47,100,250,'2016-05-18 12:45:00.000000','2016-05-18 15:30:00.000000',70,100),(561,47,100,250,'2016-05-25 12:45:00.000000','2016-05-25 15:30:00.000000',70,100),(562,47,100,250,'2016-06-01 12:45:00.000000','2016-06-01 15:30:00.000000',70,100),(563,47,100,250,'2016-06-08 12:45:00.000000','2016-06-08 15:30:00.000000',70,100),(564,47,100,250,'2016-06-15 12:45:00.000000','2016-06-15 15:30:00.000000',70,100),(565,47,100,250,'2016-06-22 12:45:00.000000','2016-06-22 15:30:00.000000',70,100),(566,47,100,250,'2016-06-29 12:45:00.000000','2016-06-29 15:30:00.000000',70,100),(567,47,100,250,'2016-07-06 12:45:00.000000','2016-07-06 15:30:00.000000',70,100),(568,47,100,250,'2016-07-13 12:45:00.000000','2016-07-13 15:30:00.000000',70,100),(569,47,100,250,'2016-07-20 12:45:00.000000','2016-07-20 15:30:00.000000',70,100),(570,47,100,250,'2016-07-27 12:45:00.000000','2016-07-27 15:30:00.000000',70,100),(571,47,100,250,'2016-03-24 12:45:00.000000','2016-03-24 15:30:00.000000',70,100),(572,47,100,250,'2016-03-31 12:45:00.000000','2016-03-31 15:30:00.000000',70,100),(573,47,100,250,'2016-04-07 12:45:00.000000','2016-04-07 15:30:00.000000',70,100),(574,47,100,250,'2016-04-14 12:45:00.000000','2016-04-14 15:30:00.000000',70,100),(575,47,100,250,'2016-04-21 12:45:00.000000','2016-04-21 15:30:00.000000',70,100),(576,47,100,250,'2016-04-28 12:45:00.000000','2016-04-28 15:30:00.000000',70,100),(577,47,100,250,'2016-05-05 12:45:00.000000','2016-05-05 15:30:00.000000',70,100),(578,47,100,250,'2016-05-12 12:45:00.000000','2016-05-12 15:30:00.000000',70,100),(579,47,100,250,'2016-05-19 12:45:00.000000','2016-05-19 15:30:00.000000',70,100),(580,47,100,250,'2016-05-26 12:45:00.000000','2016-05-26 15:30:00.000000',70,100),(581,47,100,250,'2016-06-02 12:45:00.000000','2016-06-02 15:30:00.000000',70,100),(582,47,100,250,'2016-06-09 12:45:00.000000','2016-06-09 15:30:00.000000',70,100),(583,47,100,250,'2016-06-16 12:45:00.000000','2016-06-16 15:30:00.000000',70,100),(584,47,100,250,'2016-06-23 12:45:00.000000','2016-06-23 15:30:00.000000',70,100),(585,47,100,250,'2016-06-30 12:45:00.000000','2016-06-30 15:30:00.000000',70,100),(586,47,100,250,'2016-07-07 12:45:00.000000','2016-07-07 15:30:00.000000',70,100),(587,47,100,250,'2016-07-14 12:45:00.000000','2016-07-14 15:30:00.000000',70,100),(588,47,100,250,'2016-07-21 12:45:00.000000','2016-07-21 15:30:00.000000',70,100),(589,47,100,250,'2016-07-28 12:45:00.000000','2016-07-28 15:30:00.000000',70,100);
/*!40000 ALTER TABLE `flight` ENABLE KEYS */;
UNLOCK TABLES;

--
-- Table structure for table `routes`
--

DROP TABLE IF EXISTS `routes`;
/*!40101 SET @saved_cs_client     = @@character_set_client */;
/*!40101 SET character_set_client = utf8 */;
CREATE TABLE `routes` (
  `id` bigint(20) NOT NULL AUTO_INCREMENT,
  `idFrom` bigint(20) DEFAULT NULL,
  `idTo` bigint(20) DEFAULT NULL,
  PRIMARY KEY (`id`),
  UNIQUE KEY `id_UNIQUE` (`id`),
  KEY `idFrom_idx` (`idFrom`),
  KEY `idTo_idx` (`idTo`),
  CONSTRAINT `idFrom` FOREIGN KEY (`idFrom`) REFERENCES `cities` (`id`) ON DELETE NO ACTION ON UPDATE NO ACTION,
  CONSTRAINT `idTo` FOREIGN KEY (`idTo`) REFERENCES `cities` (`id`) ON DELETE NO ACTION ON UPDATE NO ACTION
) ENGINE=InnoDB AUTO_INCREMENT=74 DEFAULT CHARSET=utf8;
/*!40101 SET character_set_client = @saved_cs_client */;

--
-- Dumping data for table `routes`
--

LOCK TABLES `routes` WRITE;
/*!40000 ALTER TABLE `routes` DISABLE KEYS */;
INSERT INTO `routes` VALUES (1,1,20),(5,5,16),(30,20,1),(31,5,21),(32,13,6),(33,11,10),(35,13,2),(36,17,16),(37,5,1),(38,1,5),(39,10,11),(40,16,17),(41,2,13),(42,6,13),(43,21,5),(44,4,9),(45,9,4),(46,12,18),(47,18,12),(48,15,8),(49,6,23),(50,2,23),(51,13,12),(55,10,2),(56,11,12),(57,5,18),(58,NULL,NULL),(59,NULL,NULL),(60,NULL,NULL),(61,NULL,NULL),(62,5,13),(63,10,19),(64,13,18),(65,11,6),(66,NULL,NULL),(67,NULL,NULL),(68,NULL,NULL),(69,3,47),(70,47,3),(71,49,17),(72,53,49),(73,17,49);
/*!40000 ALTER TABLE `routes` ENABLE KEYS */;
UNLOCK TABLES;

--
-- Table structure for table `tickets`
--

DROP TABLE IF EXISTS `tickets`;
/*!40101 SET @saved_cs_client     = @@character_set_client */;
/*!40101 SET character_set_client = utf8 */;
CREATE TABLE `tickets` (
  `id` bigint(20) NOT NULL AUTO_INCREMENT,
  `flightId` bigint(20) DEFAULT NULL,
  `isBusiness` tinyint(2) DEFAULT NULL,
  `luggage` int(11) DEFAULT NULL,
  `priority` tinyint(1) DEFAULT NULL,
  `userId` bigint(20) DEFAULT NULL,
  `passName` varchar(45) DEFAULT NULL,
  `passSurname` varchar(45) DEFAULT NULL,
  PRIMARY KEY (`id`),
  UNIQUE KEY `id_UNIQUE` (`id`),
  KEY `userId_idx` (`userId`),
  KEY `flightId_idx` (`flightId`),
  CONSTRAINT `flightId` FOREIGN KEY (`flightId`) REFERENCES `flight` (`id`) ON DELETE NO ACTION ON UPDATE NO ACTION,
  CONSTRAINT `userId` FOREIGN KEY (`userId`) REFERENCES `users` (`id`) ON DELETE NO ACTION ON UPDATE NO ACTION
) ENGINE=InnoDB AUTO_INCREMENT=64 DEFAULT CHARSET=utf8;
/*!40101 SET character_set_client = @saved_cs_client */;

--
-- Dumping data for table `tickets`
--

LOCK TABLES `tickets` WRITE;
/*!40000 ALTER TABLE `tickets` DISABLE KEYS */;
INSERT INTO `tickets` VALUES (12,4,0,15,1,5,'vika','Khlystun'),(19,1,0,0,0,5,'Alice','Black'),(39,57,0,15,0,6,'Alex','Zapolski'),(41,96,0,15,1,5,'Liliya','Khlystun'),(42,84,0,15,1,5,'Liliya','Khlystun'),(43,6,0,15,1,5,'Liliya','Khlystun'),(45,76,0,0,1,9,'qweqwe','qweqwe'),(46,108,0,0,1,9,'qweqwe','qweqwe'),(47,76,0,0,0,9,'qweqwe','qweqwe'),(49,76,0,0,0,9,'qweqwe','qweqwe'),(50,108,0,0,1,9,'qweqwe','qweqwe'),(51,24,0,15,1,6,'Artem','Ignatovich'),(52,390,0,20,0,6,'Elena','Morozova'),(56,7,0,0,0,6,'вава','вавава'),(57,66,0,15,1,5,'Лилия','Хлыстун'),(58,324,0,15,1,5,'Лилия','Хлыстун'),(59,454,0,20,1,6,'Лилия','Хлыстун'),(60,300,0,0,0,6,'Алексей','Запольский'),(61,26,0,0,0,6,'Victoria','Khlystun'),(62,371,0,20,0,6,'Виктория','Хлыстун'),(63,535,0,0,0,6,'Виктория','Хлыстун');
/*!40000 ALTER TABLE `tickets` ENABLE KEYS */;
UNLOCK TABLES;

--
-- Table structure for table `users`
--

DROP TABLE IF EXISTS `users`;
/*!40101 SET @saved_cs_client     = @@character_set_client */;
/*!40101 SET character_set_client = utf8 */;
CREATE TABLE `users` (
  `id` bigint(20) NOT NULL AUTO_INCREMENT,
  `username` varchar(45) DEFAULT NULL,
  `password` varchar(45) DEFAULT NULL,
  `email` varchar(45) DEFAULT NULL,
  `isAdmin` tinyint(2) DEFAULT NULL,
  `name` varchar(45) DEFAULT NULL,
  `surname` varchar(45) DEFAULT NULL,
  `cardId` bigint(20) DEFAULT NULL,
  PRIMARY KEY (`id`),
  UNIQUE KEY `id_UNIQUE` (`id`),
  KEY `cardId_idx` (`cardId`),
  CONSTRAINT `cardId` FOREIGN KEY (`cardId`) REFERENCES `creditcard` (`id`) ON DELETE NO ACTION ON UPDATE NO ACTION
) ENGINE=InnoDB AUTO_INCREMENT=10 DEFAULT CHARSET=utf8;
/*!40101 SET character_set_client = @saved_cs_client */;

--
-- Dumping data for table `users`
--

LOCK TABLES `users` WRITE;
/*!40000 ALTER TABLE `users` DISABLE KEYS */;
INSERT INTO `users` VALUES (3,'alex_lesha','effef6e4c1c073126f9684bcbc0a63bf','alex@bsu.by',0,'Alex','Zapolski',1234987645672398),(4,'root','81dc9bdb52d04dc20036dbd8313ed055','root@epam.com',1,'Ann','Petrova',1234),(5,'drak','c341b1783290bc3b03a82b50485332f1','6682812@tut.by',0,'Liliya','Khlystun',12345),(6,'vika','54ed17dd756d53bfa6935531ce1d8724','vika95vika@gmail.com',1,'Victoria','Khlystun',134334354),(8,'вика1995','827ccb0eea8a706c4c34a16891f84e7b','vika95vika@gmail.com',0,'Виктория','Хлыстун',123456),(9,'qweqwe','efe6398127928f1b2e9ef3207fb82663','qwe@qwe.qwe',0,'artem','ignatovich',1231231231231231);
/*!40000 ALTER TABLE `users` ENABLE KEYS */;
UNLOCK TABLES;
/*!40103 SET TIME_ZONE=@OLD_TIME_ZONE */;

/*!40101 SET SQL_MODE=@OLD_SQL_MODE */;
/*!40014 SET FOREIGN_KEY_CHECKS=@OLD_FOREIGN_KEY_CHECKS */;
/*!40014 SET UNIQUE_CHECKS=@OLD_UNIQUE_CHECKS */;
/*!40101 SET CHARACTER_SET_CLIENT=@OLD_CHARACTER_SET_CLIENT */;
/*!40101 SET CHARACTER_SET_RESULTS=@OLD_CHARACTER_SET_RESULTS */;
/*!40101 SET COLLATION_CONNECTION=@OLD_COLLATION_CONNECTION */;
/*!40111 SET SQL_NOTES=@OLD_SQL_NOTES */;

-- Dump completed on 2016-03-30  0:28:45
